{"cameraMode":{"drawMode":0,"name":"Shaded","section":"Shading Mode"},"sceneLighting":true,"audioPlay":false,"sceneViewState":{"m_AlwaysRefresh":false,"showFog":true,"showSkybox":false,"showFlares":true,"showImageEffects":true,"showParticleSystems":true,"showVisualEffectGraphs":true,"m_FxEnabled":true},"in2DMode":false,"pivot":{"x":-0.020979762077331544,"y":0.1774686872959137,"z":1.6912822723388672},"rotation":{"x":0.03038993664085865,"y":-0.8101943135261536,"z":0.04167237877845764,"w":0.5841478109359741},"size":2.041574001312256,"orthographic":false}