{"cameraMode":{"drawMode":0,"name":"Shaded","section":"Shading Mode"},"sceneLighting":true,"audioPlay":false,"sceneViewState":{"m_AlwaysRefresh":false,"showFog":true,"showSkybox":false,"showFlares":true,"showImageEffects":true,"showParticleSystems":true,"showVisualEffectGraphs":true,"m_FxEnabled":true},"in2DMode":false,"pivot":{"x":-131.40557861328126,"y":16.315595626831056,"z":46.32025146484375},"rotation":{"x":-0.11919832974672318,"y":-0.3513408601284027,"z":0.045150380581617358,"w":-0.9275389313697815},"size":2.206263780593872,"orthographic":false}