{"cameraMode":{"drawMode":0,"name":"Shaded","section":"Shading Mode"},"sceneLighting":false,"audioPlay":false,"sceneViewState":{"m_AlwaysRefresh":false,"showFog":true,"showSkybox":false,"showFlares":true,"showImageEffects":true,"showParticleSystems":true,"showVisualEffectGraphs":true,"m_FxEnabled":true},"in2DMode":false,"pivot":{"x":-1.2421153783798218,"y":0.9941800236701965,"z":0.645366907119751},"rotation":{"x":0.010811490938067437,"y":-0.7165204882621765,"z":0.013324529863893986,"w":0.6976398229598999},"size":1.3485970497131348,"orthographic":false}