{"cameraMode":{"drawMode":0,"name":"Shaded","section":"Shading Mode"},"sceneLighting":false,"audioPlay":false,"sceneViewState":{"m_AlwaysRefresh":false,"showFog":true,"showSkybox":false,"showFlares":true,"showImageEffects":true,"showParticleSystems":true,"showVisualEffectGraphs":true,"m_FxEnabled":true},"in2DMode":false,"pivot":{"x":0.016590118408203126,"y":2.8487167358398439,"z":0.016590118408203126},"rotation":{"x":-0.42375627160072329,"y":0.5572372078895569,"z":-0.3984287679195404,"w":-0.5926859378814697},"size":3.6388540267944338,"orthographic":false}