{"cameraMode":{"drawMode":0,"name":"Shaded","section":"Shading Mode"},"sceneLighting":true,"audioPlay":false,"sceneViewState":{"m_AlwaysRefresh":false,"showFog":true,"showSkybox":true,"showFlares":true,"showImageEffects":true,"showParticleSystems":true,"showVisualEffectGraphs":true,"m_FxEnabled":true},"in2DMode":false,"pivot":{"x":-20.1517276763916,"y":-160.60260009765626,"z":251.62539672851563},"rotation":{"x":0.3594640791416168,"y":0.04546988755464554,"z":-0.017398519441485406,"w":0.9320386648178101},"size":122.41819763183594,"orthographic":false}