{"cameraMode":{"drawMode":0,"name":"Shaded","section":"Shading Mode"},"sceneLighting":true,"audioPlay":false,"sceneViewState":{"m_AlwaysRefresh":false,"showFog":true,"showSkybox":true,"showFlares":true,"showImageEffects":true,"showParticleSystems":true,"showVisualEffectGraphs":true,"m_FxEnabled":true},"in2DMode":false,"pivot":{"x":-15.219098091125489,"y":0.6281035542488098,"z":39.0018196105957},"rotation":{"x":-0.01058574952185154,"y":0.9782695770263672,"z":-0.20056481659412385,"w":-0.05169186368584633},"size":2.3269174098968508,"orthographic":false}