{"cameraMode":{"drawMode":0,"name":"Shaded","section":"Shading Mode"},"sceneLighting":true,"audioPlay":false,"sceneViewState":{"m_AlwaysRefresh":false,"showFog":true,"showSkybox":false,"showFlares":true,"showImageEffects":true,"showParticleSystems":true,"showVisualEffectGraphs":true,"m_FxEnabled":true},"in2DMode":false,"pivot":{"x":0.01304018497467041,"y":0.12193417549133301,"z":1.6229815483093262},"rotation":{"x":0.03038993664085865,"y":-0.8101943135261536,"z":0.04167237877845764,"w":0.5841478109359741},"size":2.3165719509124758,"orthographic":false}