{"cameraMode":{"drawMode":0,"name":"Shaded","section":"Shading Mode"},"sceneLighting":false,"audioPlay":false,"sceneViewState":{"m_AlwaysRefresh":false,"showFog":true,"showSkybox":false,"showFlares":true,"showImageEffects":true,"showParticleSystems":true,"showVisualEffectGraphs":true,"m_FxEnabled":true},"in2DMode":false,"pivot":{"x":-0.354034423828125,"y":20.80352783203125,"z":4.0706634521484379},"rotation":{"x":0.09883397072553635,"y":-0.07903028279542923,"z":0.007875097915530205,"w":0.9919374585151672},"size":66.09412384033203,"orthographic":false}