{"cameraMode":{"drawMode":0,"name":"Shaded","section":"Shading Mode"},"sceneLighting":false,"audioPlay":false,"sceneViewState":{"m_AlwaysRefresh":false,"showFog":true,"showSkybox":false,"showFlares":true,"showImageEffects":true,"showParticleSystems":true,"showVisualEffectGraphs":true,"m_FxEnabled":true},"in2DMode":false,"pivot":{"x":-1.9780097007751465,"y":0.3409006595611572,"z":3.549644708633423},"rotation":{"x":0.18292266130447389,"y":0.1740632951259613,"z":-0.03112034872174263,"w":0.9673003554344177},"size":1.3126434087753297,"orthographic":false}