{"cameraMode":{"drawMode":0,"name":"Shaded","section":"Shading Mode"},"sceneLighting":true,"audioPlay":false,"sceneViewState":{"m_AlwaysRefresh":false,"showFog":true,"showSkybox":false,"showFlares":true,"showImageEffects":true,"showParticleSystems":true,"showVisualEffectGraphs":true,"m_FxEnabled":true},"in2DMode":false,"pivot":{"x":-184.96514892578126,"y":10.514491081237793,"z":75.28174591064453},"rotation":{"x":-0.08164000511169434,"y":0.9168103337287903,"z":-0.24756713211536408,"w":-0.3026626408100128},"size":18.645160675048829,"orthographic":false}