{"cameraMode":{"drawMode":0,"name":"Shaded","section":"Shading Mode"},"sceneLighting":false,"audioPlay":false,"sceneViewState":{"m_AlwaysRefresh":false,"showFog":true,"showSkybox":false,"showFlares":true,"showImageEffects":true,"showParticleSystems":true,"showVisualEffectGraphs":true,"m_FxEnabled":true},"in2DMode":false,"pivot":{"x":-16.917503356933595,"y":1.0267196893692017,"z":99.81839752197266},"rotation":{"x":-0.4619866907596588,"y":-0.054475776851177219,"z":0.028447287157177926,"w":-0.8847654461860657},"size":1.5922832489013672,"orthographic":false}